{
  "tasks": [
    {
      "id": 1,
      "label": "Kitchen Cleanup",
      "description": "Clean my dirty kitchen",
      "category": "house",
      "done": false
    },
    {
      "id": 2,
      "label": "Taxes",
      "description": "Start doing my taxes and contact my accountant jhon for advice",
      "category": "bureaucracy",
      "done": "22-10-2019"
    },
    {
      "Name": "sasdasdas",
      "Description": "asdsad",
      "Category": "sdasd",
      "Status": "In Progress",
      "id": 3
    },
    {
      "Id": null,
      "Description": "asdsad",
      "Category": "sdasd",
      "Status": "Done",
      "Name": "sasdasdas",
      "id": 4
    },
    {
      "id": 5,
      "Description": "asdsad",
      "Category": "sdasd",
      "Status": "Done",
      "Name": "Test"
    }
  ]
}